ds,y
2024-01-02,2269.3
2024-01-03,5667.51
2024-01-04,5119.7
2024-01-05,1842.88
2024-01-06,4258.79
2024-01-08,5364.95
2024-01-09,3421.3
2024-01-10,6157.05
2024-01-11,3504.38
2024-01-12,7241.91
2024-01-13,27.74
2024-01-15,7959.42
2024-01-16,7116.75
2024-01-17,5048.79
2024-01-18,9720.4
2024-01-19,10213.26
2024-01-20,2410.93
2024-01-22,5547.31
2024-01-23,4083.73
2024-01-24,6626.09
2024-01-25,13120.46
2024-01-26,9123.27
2024-01-27,3892.33
2024-01-29,5596.89
2024-01-30,6770.81
2024-01-31,3923.36
2024-02-01,2688.3
2024-02-02,2693.93
2024-02-03,2940.58
2024-02-05,4275.51
2024-02-06,10791.66
2024-02-07,6422.57
2024-02-08,3934.93
2024-02-09,4545.83
2024-02-10,11242.39
2024-02-12,9212.48
2024-02-13,5414.8
2024-02-14,6205.44
2024-02-15,6371.97
2024-02-16,12380.75
2024-02-17,7594.96
2024-02-18,12799.8
2024-02-19,23067.36
2024-02-20,8682.26
2024-02-21,4763.79
2024-02-22,13915.01
2024-02-23,14975.54
2024-02-24,15082.57
2024-02-25,14763.06
2024-02-26,19987.92
2024-02-27,12670.77
2024-02-28,18797.18
2024-02-29,12969.17
2024-03-01,5418.08
2024-03-02,6671.84
2024-03-04,12342.82
2024-03-05,6764.31
2024-03-06,13377.02
2024-03-07,15003.6
2024-03-08,9322.58
2024-03-09,17156.67
2024-03-11,10340.66
2024-03-12,11434.64
2024-03-13,8448.39
2024-03-14,11309.86
2024-03-15,15224.22
2024-03-16,15771.45
2024-03-17,4529.61
2024-03-18,13472.22
2024-03-19,12001.32
2024-03-20,15935.11
2024-03-21,25632.5
2024-03-22,17698.64
2024-03-23,8494.08
2024-03-24,7577.26
2024-03-25,5122.46
2024-03-26,10038.67
2024-03-27,7624.86
2024-04-01,12412.32
2024-04-02,5534.58
2024-04-03,8869.99
2024-04-04,5150.96
2024-04-05,10871.77
2024-04-06,14461.77
2024-04-07,14016.15
2024-04-08,8623.49
2024-04-09,7737.66
2024-04-10,11348.55
2024-04-11,16638.82
2024-04-12,7320.76
2024-04-13,10193.69
2024-04-15,11779.8
2024-04-16,11862.2
2024-04-17,20294.27
2024-04-18,10111.43
2024-04-19,11265.05
2024-04-20,12361.01
2024-04-22,23387.73
2024-04-23,21690.21
2024-04-24,12785.27
2024-04-25,13957.57
2024-04-26,19307.39
2024-04-27,12534.54
2024-04-29,16520.35
2024-04-30,14657.73
2024-05-01,19873.83
2024-05-02,26933.27
2024-05-03,20672.0
2024-05-04,5555.71
2024-05-06,5861.52
2024-05-07,2243.32
2024-05-08,9722.88
2024-05-09,12223.54
2024-05-10,10079.08
2024-05-11,38.0
2024-05-13,8154.42
2024-05-14,6312.23
2024-05-15,5230.09
2024-05-16,2741.69
2024-05-17,4574.17
2024-05-18,4841.95
2024-05-20,5310.42
2024-05-21,3234.7
2024-05-22,3246.88
2024-05-23,3264.16
2024-05-24,4515.68
2024-05-25,1639.04
2024-05-27,4563.69
2024-05-28,7264.09
2024-05-29,8182.49
2024-05-30,5767.29
2024-05-31,8035.53
2024-06-01,2935.93
2024-06-03,5188.38
2024-06-04,1966.58
2024-06-05,3087.38
2024-06-06,2505.8
2024-06-07,5652.16
2024-06-08,3203.86
2024-06-10,1914.69
2024-06-11,8702.97
2024-06-12,7087.25
2024-06-13,4004.82
2024-06-14,5660.61
2024-06-15,3300.58
2024-06-17,2365.53
2024-06-18,3064.19
2024-06-19,4118.77
2024-06-20,4110.36
2024-06-21,4747.58
2024-06-22,2786.23
2024-06-24,3136.86
2024-06-25,5025.37
2024-06-26,4445.29
2024-06-27,6238.45
2024-06-28,3531.82
2024-06-29,5143.33
2024-07-01,4236.86
2024-07-02,5169.57
2024-07-03,6816.92
2024-07-04,7108.75
2024-07-05,4969.6
2024-07-06,5757.29
2024-07-08,3626.07
2024-07-09,6232.16
2024-07-10,6802.11
2024-07-11,1782.23
2024-07-12,2661.73
2024-07-13,5863.23
2024-07-15,1538.78
2024-07-16,6353.0
2024-07-17,3978.02
2024-07-18,4587.95
2024-07-19,7158.25
2024-07-20,5144.05
2024-07-22,2173.15
2024-07-23,3205.66
2024-07-24,3536.18
2024-07-25,2169.3
2024-07-26,3995.68
2024-07-27,5436.69
2024-07-29,6041.71
2024-07-30,1791.25
2024-07-31,3941.86
2024-08-01,4216.22
2024-08-02,5853.44
2024-08-03,3893.07
2024-08-05,4845.2
2024-08-06,4080.53
2024-08-07,3211.81
2024-08-08,4503.38
2024-08-09,5893.73
2024-08-10,4342.23
2024-08-12,5137.06
2024-08-13,4549.99
2024-08-14,7477.44
2024-08-15,2857.07
2024-08-16,6232.16
2024-08-17,4173.03
2024-08-19,4298.16
2024-08-20,4299.53
2024-08-21,5485.48
2024-08-22,4543.19
2024-08-23,1951.34
2024-08-24,2595.88
2024-08-26,9930.54
2024-08-27,5000.42
2024-08-28,4057.93
2024-08-29,5687.81
2024-08-30,2450.15
2024-08-31,5468.52
2024-09-02,2636.32
2024-09-03,4816.86
2024-09-04,3435.19
2024-09-05,2714.52
2024-09-06,6111.3
2024-09-07,6128.67
2024-09-09,4771.95
2024-09-10,3383.3
2024-09-11,6429.05
2024-09-12,4191.83
2024-09-13,2271.93
2024-09-14,2101.73
2024-09-16,3365.19
2024-09-17,3666.99
2024-09-18,8945.84
2024-09-19,3434.84
2024-09-20,6604.59
2024-09-21,2304.15
2024-09-23,7485.53
2024-09-24,2454.7
2024-09-25,2705.88
2024-09-26,3447.73
2024-09-27,4784.46
2024-09-28,2569.04
2024-09-30,5262.42
2024-10-01,5839.55
2024-10-02,10038.77
2024-10-03,5595.87
2024-10-04,4573.07
2024-10-05,2762.7
2024-10-07,7544.91
2024-10-08,2472.31
2024-10-09,6572.15
2024-10-10,10486.87
2024-10-11,2876.04
2024-10-12,3985.77
2024-10-14,4748.55
2024-10-15,4707.02
2024-10-16,7275.1
2024-10-17,3553.42
2024-10-18,5397.08
2024-10-19,2544.1
2024-10-21,2919.01
2024-10-22,2435.73
2024-10-23,4368.49
2024-10-24,5333.32
2024-10-25,7443.4
2024-10-26,3737.15
2024-10-28,7179.59
2024-10-29,3029.07
2024-10-30,3342.9
2024-10-31,3796.41
2024-11-01,3097.88
2024-11-02,2208.6
2024-11-04,1962.08
2024-11-05,5668.16
2024-11-06,6189.31
2024-11-07,4727.55
2024-11-08,2847.88
2024-11-09,2577.64
2024-11-11,6912.9
2024-11-12,3326.07
2024-11-13,6042.28
2024-11-14,4537.38
2024-11-15,3686.38
2024-11-16,3169.53
2024-11-18,6410.16
2024-11-19,5266.25
2024-11-20,3797.67
2024-11-21,2102.25
2024-11-22,6436.93
2024-11-23,3733.79
2024-11-25,7252.87
2024-11-26,2549.5
2024-11-27,6540.08
2024-11-28,3103.18
2024-11-29,4678.16
2024-11-30,5833.73
2024-12-02,4759.23
2024-12-03,4411.06
2024-12-04,5826.99
2024-12-05,5453.44
2024-12-06,3913.07
2024-12-07,6917.31
2024-12-09,4623.33
2024-12-10,2412.93
2024-12-11,2751.78
2024-12-12,3127.68
2024-12-13,5908.16
2024-12-14,3993.51
2024-12-16,2353.69
2024-12-17,8255.97
2024-12-18,7388.25
2024-12-19,5868.05
2024-12-20,2842.1
2024-12-21,4262.86
2024-12-23,2131.68
2024-12-24,2694.04
2024-12-26,2151.54
2024-12-27,5944.44
2024-12-28,5807.71
2024-12-30,4932.11
2024-12-31,1607.69
2025-01-02,3409.53
2025-01-03,7638.59
2025-01-04,4685.42
2025-01-06,3132.7
2025-01-07,3150.88
2025-01-08,5182.31
2025-01-09,2657.53
2025-01-10,6307.88
2025-01-11,3092.43
2025-01-13,7479.4
2025-01-14,5248.79
2025-01-15,4907.95
2025-01-16,8035.68
2025-01-17,3255.93
2025-01-18,5823.03
2025-01-20,3419.58
2025-01-21,5753.46
2025-01-22,2939.58
2025-01-23,4806.7
2025-01-24,6139.67
2025-01-25,3631.8
2025-01-27,4993.87
2025-01-28,3069.5
2025-01-29,3036.7
2025-01-30,3305.38
2025-01-31,2646.88
2025-02-01,2476.93
2025-02-03,1992.53
2025-02-04,4007.99
2025-02-05,4852.97
2025-02-06,3735.86
2025-02-07,3059.08
2025-02-08,3406.23
2025-02-10,3569.86
2025-02-11,5423.71
2025-02-12,4283.95
2025-02-13,5938.45
2025-02-14,7098.7
2025-02-15,2328.73
2025-02-17,3302.58
2025-02-18,3368.33
2025-02-19,4562.93
2025-02-20,7498.09
2025-02-21,6399.04
2025-02-22,8165.59
2025-02-24,4052.45
2025-02-25,3379.23
2025-02-26,7106.03
2025-02-27,4225.01
2025-02-28,4562.03
2025-03-01,6378.16
2025-03-03,5861.93
2025-03-04,2412.3
2025-03-05,5458.29
2025-03-06,6251.02
2025-03-07,4220.05
2025-03-08,5403.48
2025-03-10,2850.86
2025-03-11,3970.33
2025-03-12,2320.01
2025-03-13,4301.86
2025-03-14,3238.68
2025-03-15,4544.33
2025-03-17,6407.84
2025-03-18,5379.56
2025-03-19,1482.25
2025-03-20,2906.86
2025-03-21,5684.52
2025-03-22,8139.29
2025-03-24,3076.3
2025-03-25,2636.67
2025-03-26,6435.76
2025-03-27,3987.61
2025-03-28,7012.23
2025-03-29,4546.23
2025-03-31,5114.06
2025-04-01,5571.99
2025-04-02,1998.64
2025-04-03,8931.25
2025-04-04,4903.78
2025-04-05,4412.03
2025-04-07,3255.23
2025-04-08,4143.96
2025-04-09,2050.65
2025-04-10,5638.16
2025-04-11,5432.7
2025-04-12,7966.47
2025-04-14,8398.25
2025-04-15,6161.05
2025-04-16,4737.11
2025-04-21,5760.96
2025-04-22,3601.03
2025-04-23,2761.84
2025-04-24,2402.32
2025-04-25,5364.51
2025-04-26,3106.07
2025-04-28,7935.74
2025-04-29,7369.97
2025-04-30,3963.03
2025-05-01,3719.31
2025-05-02,2002.0
2025-05-03,1902.53
2025-05-05,3749.19
2025-05-06,3491.29
2025-05-07,8938.73
2025-05-08,6614.29
2025-05-09,5573.1
2025-05-10,5706.82
2025-05-12,7401.79
2025-05-13,3531.88
2025-05-14,3720.81
2025-05-15,5881.23
2025-05-16,2739.23
2025-05-17,4295.86
2025-05-19,2867.07
2025-05-20,9550.54
2025-05-21,2850.92
2025-05-22,5694.2
2025-05-23,5120.46
2025-05-24,4227.76
2025-05-26,2379.65
2025-05-27,3742.58
2025-05-28,3095.23
2025-05-29,4849.01
2025-05-30,5663.51
2025-05-31,6221.2
2025-06-02,2646.68
2025-06-03,5579.29
2025-06-04,3389.07
2025-06-05,6086.2
2025-06-06,4127.33
2025-06-07,4483.86
2025-06-09,5175.72
2025-06-10,3607.69
2025-06-11,3201.08
2025-06-12,6301.75
2025-06-13,5857.79
2025-06-14,4615.95
2025-06-16,3993.07
2025-06-17,5120.76
2025-06-18,6811.03
2025-06-19,5933.59
2025-06-20,1887.65
2025-06-21,3353.58
2025-06-23,2879.58
2025-06-24,4806.7
2025-06-25,4249.33
2025-06-26,9919.89
2025-06-27,4035.62
2025-06-28,6678.23
2025-06-30,3983.96
2025-07-01,2660.23
2025-07-02,4514.73
2025-07-03,2730.23
2025-07-04,5124.01
2025-07-05,4042.93
2025-07-07,3442.23
2025-07-08,6516.08
2025-07-09,7784.59
2025-07-10,3687.3
2025-07-11,3733.82
2025-07-12,3566.88
2025-07-14,2819.23
2025-07-15,3479.88
2025-07-16,2295.88
2025-07-17,6001.73
2025-07-18,6366.79
2025-07-19,8156.34
2025-07-21,8358.39
2025-07-22,2246.5
2025-07-23,3332.23
2025-07-24,7000.03
2025-07-25,5134.71
2025-07-26,3127.68
2025-07-28,5215.56
2025-07-29,5354.11
2025-07-30,1685.69
2025-07-31,7112.97
2025-08-01,8531.25
2025-08-02,7109.7
2025-08-04,2262.73
2025-08-05,2923.88
2025-08-06,1692.73
2025-08-07,1806.15
2025-08-08,2485.54
2025-08-09,1734.99
2025-08-11,2978.78
2025-08-12,2971.21
2025-08-13,3627.99
2025-08-14,3899.97
2025-08-15,5057.55
2025-08-16,3948.02
2025-08-18,5107.95
2025-08-19,6318.57
2025-08-20,7456.03
2025-08-21,4149.86
2025-08-22,5267.72
2025-08-23,6700.12
2025-08-25,2768.36
2025-08-26,4012.04
2025-08-27,8862.74
2025-08-28,6015.02
2025-08-29,5281.21
2025-08-30,1988.38
2025-09-01,3875.1
2025-09-02,3896.01
2025-09-03,4916.03
2025-09-04,4524.51
2025-09-05,3567.36
2025-09-06,3794.22
2025-09-08,3986.1
2025-09-09,5049.29
2025-09-10,9788.94
2025-09-11,6152.58
2025-09-12,6385.11
2025-09-13,7582.38
2025-09-15,9435.72
2025-09-16,4428.73
2025-09-17,1921.98
2025-09-18,5354.11
2025-09-19,6259.86
2025-09-20,7602.87
2025-09-22,5524.2
2025-09-23,4493.33
2025-09-24,2175.23
2025-09-25,4984.31
2025-09-26,8683.36
2025-09-27,4016.31
2025-09-29,6851.04
2025-09-30,5096.59
2025-10-01,4544.95
2025-10-02,6931.28
2025-10-03,5781.63
2025-10-04,2262.08
2025-10-06,5557.16
2025-10-07,2223.89
2025-10-08,3585.27
2025-10-09,3314.36
2025-10-10,5663.52
2025-10-11,5297.29
2025-10-13,6076.87
2025-10-14,4060.05
2025-10-15,6227.11
2025-10-16,1346.6
2025-10-17,3180.66
2025-10-18,2208.3
2025-10-20,3025.19
2025-10-21,5735.68
2025-10-22,5023.49
2025-10-23,2464.12
2025-10-24,3814.56
2025-10-25,1563.15
2025-10-27,5053.71
2025-10-28,5047.95
2025-10-29,3649.07
2025-10-30,1370.38
2025-10-31,7253.7
2025-11-01,2819.23
2025-11-03,2902.08
2025-11-04,3148.68
2025-11-05,2601.04
2025-11-06,3184.99
2025-11-07,3497.78
2025-11-08,9280.9
2025-11-10,7040.59
2025-11-11,3909.07
2025-11-12,1495.38
2025-11-13,9081.81
2025-11-14,5496.46
2025-11-15,3397.38
2025-11-17,5679.56
2025-11-18,5424.11
2025-11-19,5053.71
2025-11-20,5442.95
2025-11-21,8108.37
2025-11-22,2929.7
2025-11-24,5689.26
2025-11-25,1673.23
2025-11-26,3461.23
2025-11-27,5125.48
2025-11-28,5670.69
2025-11-29,1885.8
2025-12-01,5351.16
2025-12-02,6834.93
2025-12-03,7538.59
2025-12-04,6272.57
2025-12-05,4057.93
2025-12-06,3440.1
2025-12-08,4697.86
2025-12-09,2706.68
2025-12-10,4952.58
2025-12-11,7147.09
2025-12-12,2833.39
2025-12-13,6984.29
2025-12-15,7567.02
2025-12-16,1517.38
2025-12-17,7778.16
2025-12-18,3150.25
2025-12-19,1962.08
2025-12-20,2519.48
2025-12-22,3228.68
2025-12-23,5631.36
2025-12-24,6353.0
2025-12-26,3978.02
2025-12-27,4555.95
2025-12-29,4499.75
2025-12-30,5627.17
2025-12-31,4386.68
2026-01-02,3097.03
2026-01-03,2552.63
2026-01-05,3704.57
2026-01-06,3272.69
2026-01-07,6381.59
2026-01-08,4911.03
2026-01-09,1888.78
2026-01-10,6179.55
2026-01-12,2015.53
2026-01-13,2298.64
2026-01-14,8553.82
2026-01-15,6995.63
2026-01-16,1964.95
2026-01-17,1920.73
2026-01-19,2381.13
2026-01-20,1667.53
2026-01-21,3690.19
2026-01-22,7845.77
2026-01-23,5704.75
2026-01-24,3612.3
2026-01-26,6421.44
2026-01-27,3823.07
2026-01-28,1772.38
2026-01-29,3518.38
2026-01-30,4568.93
2026-01-31,4933.66
2026-02-02,4965.68
2026-02-03,2628.04
2026-02-04,3769.12
2026-02-05,4006.51
2026-02-06,3642.07
2026-02-07,7479.59
2026-02-09,7315.37
2026-02-10,4736.93
2026-02-11,3624.38
2026-02-12,4963.61
2026-02-13,3719.31
2026-02-14,2807.33
2026-02-16,11340.39
2026-02-17,9102.48
2026-02-18,11942.39
2026-02-19,10254.23
2026-02-20,6837.06
2026-02-22,8206.7
2026-02-23,6584.48
2026-02-24,7981.01
2026-02-25,10276.05
2026-02-26,5958.05
2026-02-27,4535.83
2026-02-28,7777.62
2026-03-02,1853.34
2026-03-03,2823.88
2026-03-04,980.15
2026-03-05,1047.49
2026-03-06,5005.95
2026-03-07,3813.07
2026-03-09,1385.38
2026-03-10,1074.12
2026-03-11,2974.7
2026-03-12,3765.0
2026-03-13,1390.65
2026-03-14,3217.16
2026-03-16,2055.15
2026-03-17,1971.03
2026-03-18,3525.33
2026-03-19,1029.28
2026-03-20,1337.43
2026-03-21,2884.18
2026-03-23,210.0
