Product Name,Unit Price,Retail Price
6300,竄ｱ 25.00,竄ｱ 110.00
ADD OIL RACERX 200ML,竄ｱ 20.00,竄ｱ 50.00
AINTERIOR KRX,竄ｱ 60.00,竄ｱ 125.00
AIR FILTER CLICK125,竄ｱ 79.00,竄ｱ 200.00
AUTO WIRE #18 JAPAN PER METER,竄ｱ 8.00,竄ｱ 25.00
BALLRACE BEARING M3,竄ｱ 220.00,竄ｱ 350.00
BATTERY MOTOLITE MF4LB,竄ｱ 700.00,竄ｱ 850.00
BEARING KOYO 6201,竄ｱ 25.00,竄ｱ 120.00
BEARING KOYO 6205,竄ｱ 25.00,竄ｱ 120.00
BEARING KOYO 6301,竄ｱ 25.00,竄ｱ 120.00
BEARING KOYO 6303,竄ｱ 25.00,竄ｱ 80.00
BELT CWORKS 2PH ,竄ｱ 486.00,竄ｱ 600.00
BELT HONDA CLICK 150,竄ｱ 354.00,竄ｱ 700.00
BELT HONDA PCX ADV CLICK 160,竄ｱ 390.00,竄ｱ 850.00
BELT NMAX YAMAKOTO,竄ｱ 250.00,竄ｱ 350.00
BELT SPEED BEAT,竄ｱ 250.00,竄ｱ 500.00
BETA GREY,竄ｱ 90.00,竄ｱ 150.00
BOLT AND NUT 10MM,竄ｱ 6.00,竄ｱ 15.00
BRAKE CABLE 150,竄ｱ 80.00,竄ｱ 150.00
BRAKE CABLE BARAKO,竄ｱ 90.00,竄ｱ 150.00
BRAKE FLUID AEROMOTIVE DOT5,竄ｱ 80.00,竄ｱ 150.00
BRAKE FLUID SURE BRAKE,竄ｱ 47.00,竄ｱ 90.00
BRAKE PAD 150,竄ｱ 60.00,竄ｱ 150.00
BRAKE PAD ADV 160,竄ｱ 80.00,竄ｱ 150.00
BRAKE PAD CLICK,竄ｱ 75.00,竄ｱ 150.00
BRAKE PAD HONDA RS125,竄ｱ 100.00,竄ｱ 180.00
BRAKE PAD M3,竄ｱ 26.00,竄ｱ 150.00
BRAKE PAD MIO SPORTY,竄ｱ 180.00,竄ｱ 250.00
BRAKE PAD NMAX F,竄ｱ 200.00,竄ｱ 250.00
BRAKE PAD RAIDER FI REAR,竄ｱ 100.00,竄ｱ 150.00
BRAKE PAD YAMAKOTO ADV/PCX REAR,竄ｱ 30.00,竄ｱ 100.00
BRAKE SHOE CWORKS CLICK125 V1 V2 V3 150/GC/160/AIRBLADE 150/BEAT FI,竄ｱ 225.00,竄ｱ 290.00
BRAKE SHOE OTAKA MIO,竄ｱ 104.00,竄ｱ 220.00
BRAKE SWITCH UNIVERSAL,竄ｱ 4.00,竄ｱ 30.00
CABLE TIE,竄ｱ 1.00,竄ｱ 2.00
CABLE TIE BLUE ,竄ｱ 1.00,竄ｱ 5.00
CARBON BRUSH 120,竄ｱ 70.00,竄ｱ 120.00
CARBON CLEANER HONDA,竄ｱ 25.00,竄ｱ 50.00
CARBURETOR 28MM,竄ｱ 450.00,竄ｱ 650.00
CARBURETOR CLEANER,竄ｱ 60.00,竄ｱ 100.00
CASTROL ACTIV 1L,竄ｱ 295.00,竄ｱ 320.00
CHAIN ADJUSTER KHC,竄ｱ 40.00,竄ｱ 80.00
CLUTCH CABLE BARAKO,竄ｱ 29.00,竄ｱ 100.00
CLUTCH CABLE OTAKA BARAKO,竄ｱ 51.00,竄ｱ 150.00
CLUTCH CABLE WOLF 125,竄ｱ 70.00,竄ｱ 15.00
CLUTCH LINING,竄ｱ 120.00,竄ｱ 200.00
CLUTCH LINING JVT BEAT FI,竄ｱ 816.00,"竄ｱ 1,005.00"
CLUTCH LINING JVT MIO,竄ｱ 820.45,"竄ｱ 1,020.00"
COOLANT PETRON 1L,竄ｱ 148.00,竄ｱ 200.00
COOLANT PETRON 500ML,竄ｱ 80.00,竄ｱ 150.00
CORSA CROSS S 100/80-14,"竄ｱ 1,694.80","竄ｱ 1,894.00"
CORSA CROSS S 130/70-13,"竄ｱ 2,250.00","竄ｱ 2,500.00"
CORSA CROSS S 80/90/14,"竄ｱ 1,280.00","竄ｱ 1,450.00"
CORSA CROSS S 90/80-14,"竄ｱ 1,450.00","竄ｱ 1,690.00"
CORSA CROSS S 90/90-14,"竄ｱ 1,497.20","竄ｱ 1,697.00"
CORSA R26 100/80-14,"竄ｱ 1,862.00","竄ｱ 2,063.00"
CORSA R26 80/80-14 1200,竄ｱ 989.00,"竄ｱ 1,200.00"
CORSA SO1 80/90-14,(blank),(blank)
CVT CLEANER RS8,竄ｱ 98.00,竄ｱ 150.00
CVT FI CLEANER PRO PROTECTOR 450ML,竄ｱ 90.00,竄ｱ 150.00
DOMINO SWITCH,竄ｱ 30.00,竄ｱ 120.00
ELECTRICAL TAPE NITTO 33,竄ｱ 33.00,竄ｱ 50.00
FLASHER RELAY ADJUSTABLE,竄ｱ 45.00,竄ｱ 120.00
FLYBALL CWORKS CLICK/PCX/ADV 13G,竄ｱ 256.50,竄ｱ 380.00
FLYBALL JVT PCX 19G,竄ｱ 297.28,竄ｱ 550.00
FORK OIL SEAL,竄ｱ 60.00,竄ｱ 120.00
FUEL FILTER YAMAHA NMAX,竄ｱ 40.00,竄ｱ 100.00
FUEL HOSE GREY PER FOOT,竄ｱ 13.20,竄ｱ 25.00
FUSE 10A,竄ｱ 2.00,竄ｱ 10.00
FUSE 15A,竄ｱ 2.00,竄ｱ 10.00
FUSE BOX WITH FUSE,竄ｱ 9.20,竄ｱ 50.00
GLASS FUSE - 15A,竄ｱ 2.00,竄ｱ 10.00
GRASA KOBY,竄ｱ 0.00,竄ｱ 30.00
,竄ｱ 6.15,竄ｱ 30.00
HEAD LIGHT BULB,竄ｱ 13.40,竄ｱ 25.00
HEAD LIGHT BULB MAKOTO,竄ｱ 12.00,竄ｱ 25.00
HONDA BLUE SCT 800ML,竄ｱ 300.00,竄ｱ 340.00
HONDA CARBON CLEANER,竄ｱ 40.00,竄ｱ 80.00
HONDA GEAR OIL,竄ｱ 70.00,竄ｱ 95.00
HONDA GOLD 1L,竄ｱ 260.00,竄ｱ 295.00
HONDA SCT GREY,竄ｱ 262.00,竄ｱ 295.00
INTERIOR 2.75,竄ｱ 75.00,竄ｱ 150.00
KOBY TIRE BLACK,竄ｱ 50.00,竄ｱ 80.00
MOTUL GP MATIC 1L,竄ｱ 325.00,竄ｱ 380.00
MOTUL SCT 800ML,竄ｱ 289.00,竄ｱ 330.00
NUT STAINLESS 12MM,竄ｱ 6.00,竄ｱ 10.00
OIL FILTER YAMAHA,竄ｱ 30.00,竄ｱ 50.00
OIL SEAL BACKPLATE M3,竄ｱ 80.00,竄ｱ 120.00
OIL SEAL YAMAHA PULLEY SIDE M3,竄ｱ 80.00,竄ｱ 120.00
O-RING TORQUE DRIVE 160,竄ｱ 80.00,竄ｱ 160.00
PLATINUM FORK OIL 200ML,竄ｱ 27.74,竄ｱ 90.00
PULLEY SET JVT MIO/FINO/NOUVO,"竄ｱ 1,508.91","竄ｱ 1,957.00"
PULLEY SET JVT MIOi125/m3,"竄ｱ 1,865.81","竄ｱ 2,397.00"
QUICK TIRE 100/80-14,"竄ｱ 1,115.00","竄ｱ 1,315.00"
QUICK TIRE 90/80-14,竄ｱ 941.40,"竄ｱ 1,141.00"
QUICK TIRE 90/90-14 ,"竄ｱ 1,041.71","竄ｱ 1,242.00"
REGULATOR 4 PINS,竄ｱ 191.00,竄ｱ 300.00
RS8 ENGINE OIL,竄ｱ 180.00,竄ｱ 250.00
SIDE MIRROR ADAPTOR HONDA,竄ｱ 5.00,竄ｱ 30.00
SIDE MIRROR HONDA ,竄ｱ 106.00,竄ｱ 190.00
SIGNAL LIGHT LED T15 BLUE,竄ｱ 62.00,竄ｱ 150.00
SLIDER PIECE CWORKS CLICK125i/150/V1V2V3,竄ｱ 58.50,竄ｱ 100.00
SLIDER PIECE JVT CLICK/PCX/ADV,竄ｱ 79.19,竄ｱ 200.00
SLIDER PIECE JVT NMAX/M3/AEROX,竄ｱ 79.19,竄ｱ 200.00
SLIDER PIECE SUN RACING ,竄ｱ 100.00,竄ｱ 180.00
SPARK PLUG CUP OEM,竄ｱ 20.00,竄ｱ 50.00
SPARK PLUG NGK C7HSA,竄ｱ 85.80,竄ｱ 120.00
SPARK PLUG NGK CPR6EA-9,竄ｱ 92.00,竄ｱ 130.00
SPEED CABLE MIO,竄ｱ 38.00,竄ｱ 100.00
SPEED CABLE WAVE,竄ｱ 60.00,竄ｱ 150.00
SPROCKET SET,竄ｱ 650.00,竄ｱ 800.00
STEEL BOLT 10MM,竄ｱ 3.50,竄ｱ 5.00
SUN RASING GEAR OIL,竄ｱ 60.00,竄ｱ 100.00
TAIL LIGHT BULB MAKOTO,竄ｱ 12.00,竄ｱ 25.00
TENSIONER YAMAHA,竄ｱ 164.00,竄ｱ 300.00
THROTTLE CABLE BARAKO OTAKA,竄ｱ 100.00,竄ｱ 150.00
TIRE SEALANT PROTIRE,竄ｱ 35.50,竄ｱ 100.00
VALVE SEAL,竄ｱ 50.00,竄ｱ 100.00
WIRE #18 OLD STOCK,竄ｱ 15.00,竄ｱ 25.00
YAMAHA BELT 2DP-E7641-00 NMAX,竄ｱ 289.00,竄ｱ 850.00
YAMALUBE AT 800ML,竄ｱ 234.00,竄ｱ 285.00
YAMALUBE BLUE CORE 1L,竄ｱ 309.00,竄ｱ 365.00
YAMALUBE GEAR OIL 100ML,竄ｱ 61.00,竄ｱ 95.00
YUNXIN O-RING 1,竄ｱ 10.00,竄ｱ 20.00
ZIC M9 1L,竄ｱ 287.12,竄ｱ 326.00
ZIC M9 800ML,竄ｱ 251.23,"竄ｱ 1,900.00"
,,竄ｱ 299.00
(blank),(blank),(blank)
Grand Total,,
